image_id,split,class_name,class_idx,image_path,mask_path
MEL_train_000,train,MEL,0,images/train/MEL_train_000.png,masks/train/MEL_train_000.png
MEL_train_001,train,MEL,0,images/train/MEL_train_001.png,masks/train/MEL_train_001.png
MEL_train_002,train,MEL,0,images/train/MEL_train_002.png,masks/train/MEL_train_002.png
MEL_train_003,train,MEL,0,images/train/MEL_train_003.png,masks/train/MEL_train_003.png
MEL_train_004,train,MEL,0,images/train/MEL_train_004.png,masks/train/MEL_train_004.png
MEL_train_005,train,MEL,0,images/train/MEL_train_005.png,masks/train/MEL_train_005.png
NV_train_000,train,NV,1,images/train/NV_train_000.png,masks/train/NV_train_000.png
NV_train_001,train,NV,1,images/train/NV_train_001.png,masks/train/NV_train_001.png
NV_train_002,train,NV,1,images/train/NV_train_002.png,masks/train/NV_train_002.png
NV_train_003,train,NV,1,images/train/NV_train_003.png,masks/train/NV_train_003.png
NV_train_004,train,NV,1,images/train/NV_train_004.png,masks/train/NV_train_004.png
NV_train_005,train,NV,1,images/train/NV_train_005.png,masks/train/NV_train_005.png
NV_train_006,train,NV,1,images/train/NV_train_006.png,masks/train/NV_train_006.png
NV_train_007,train,NV,1,images/train/NV_train_007.png,masks/train/NV_train_007.png
NV_train_008,train,NV,1,images/train/NV_train_008.png,masks/train/NV_train_008.png
NV_train_009,train,NV,1,images/train/NV_train_009.png,masks/train/NV_train_009.png
NV_train_010,train,NV,1,images/train/NV_train_010.png,masks/train/NV_train_010.png
NV_train_011,train,NV,1,images/train/NV_train_011.png,masks/train/NV_train_011.png
NV_train_012,train,NV,1,images/train/NV_train_012.png,masks/train/NV_train_012.png
NV_train_013,train,NV,1,images/train/NV_train_013.png,masks/train/NV_train_013.png
NV_train_014,train,NV,1,images/train/NV_train_014.png,masks/train/NV_train_014.png
NV_train_015,train,NV,1,images/train/NV_train_015.png,masks/train/NV_train_015.png
NV_train_016,train,NV,1,images/train/NV_train_016.png,masks/train/NV_train_016.png
NV_train_017,train,NV,1,images/train/NV_train_017.png,masks/train/NV_train_017.png
NV_train_018,train,NV,1,images/train/NV_train_018.png,masks/train/NV_train_018.png
NV_train_019,train,NV,1,images/train/NV_train_019.png,masks/train/NV_train_019.png
NV_train_020,train,NV,1,images/train/NV_train_020.png,masks/train/NV_train_020.png
NV_train_021,train,NV,1,images/train/NV_train_021.png,masks/train/NV_train_021.png
NV_train_022,train,NV,1,images/train/NV_train_022.png,masks/train/NV_train_022.png
NV_train_023,train,NV,1,images/train/NV_train_023.png,masks/train/NV_train_023.png
NV_train_024,train,NV,1,images/train/NV_train_024.png,masks/train/NV_train_024.png
NV_train_025,train,NV,1,images/train/NV_train_025.png,masks/train/NV_train_025.png
NV_train_026,train,NV,1,images/train/NV_train_026.png,masks/train/NV_train_026.png
NV_train_027,train,NV,1,images/train/NV_train_027.png,masks/train/NV_train_027.png
NV_train_028,train,NV,1,images/train/NV_train_028.png,masks/train/NV_train_028.png
NV_train_029,train,NV,1,images/train/NV_train_029.png,masks/train/NV_train_029.png
NV_train_030,train,NV,1,images/train/NV_train_030.png,masks/train/NV_train_030.png
NV_train_031,train,NV,1,images/train/NV_train_031.png,masks/train/NV_train_031.png
NV_train_032,train,NV,1,images/train/NV_train_032.png,masks/train/NV_train_032.png
NV_train_033,train,NV,1,images/train/NV_train_033.png,masks/train/NV_train_033.png
NV_train_034,train,NV,1,images/train/NV_train_034.png,masks/train/NV_train_034.png
NV_train_035,train,NV,1,images/train/NV_train_035.png,masks/train/NV_train_035.png
NV_train_036,train,NV,1,images/train/NV_train_036.png,masks/train/NV_train_036.png
BCC_train_000,train,BCC,2,images/train/BCC_train_000.png,masks/train/BCC_train_000.png
BCC_train_001,train,BCC,2,images/train/BCC_train_001.png,masks/train/BCC_train_001.png
BCC_train_002,train,BCC,2,images/train/BCC_train_002.png,masks/train/BCC_train_002.png
AKIEC_train_000,train,AKIEC,3,images/train/AKIEC_train_000.png,masks/train/AKIEC_train_000.png
AKIEC_train_001,train,AKIEC,3,images/train/AKIEC_train_001.png,masks/train/AKIEC_train_001.png
BKL_train_000,train,BKL,4,images/train/BKL_train_000.png,masks/train/BKL_train_000.png
BKL_train_001,train,BKL,4,images/train/BKL_train_001.png,masks/train/BKL_train_001.png
BKL_train_002,train,BKL,4,images/train/BKL_train_002.png,masks/train/BKL_train_002.png
BKL_train_003,train,BKL,4,images/train/BKL_train_003.png,masks/train/BKL_train_003.png
BKL_train_004,train,BKL,4,images/train/BKL_train_004.png,masks/train/BKL_train_004.png
BKL_train_005,train,BKL,4,images/train/BKL_train_005.png,masks/train/BKL_train_005.png
DF_train_000,train,DF,5,images/train/DF_train_000.png,masks/train/DF_train_000.png
VASC_train_000,train,VASC,6,images/train/VASC_train_000.png,masks/train/VASC_train_000.png
MEL_val_000,val,MEL,0,images/val/MEL_val_000.png,masks/val/MEL_val_000.png
MEL_val_001,val,MEL,0,images/val/MEL_val_001.png,masks/val/MEL_val_001.png
NV_val_000,val,NV,1,images/val/NV_val_000.png,masks/val/NV_val_000.png
NV_val_001,val,NV,1,images/val/NV_val_001.png,masks/val/NV_val_001.png
BCC_val_000,val,BCC,2,images/val/BCC_val_000.png,masks/val/BCC_val_000.png
BCC_val_001,val,BCC,2,images/val/BCC_val_001.png,masks/val/BCC_val_001.png
AKIEC_val_000,val,AKIEC,3,images/val/AKIEC_val_000.png,masks/val/AKIEC_val_000.png
AKIEC_val_001,val,AKIEC,3,images/val/AKIEC_val_001.png,masks/val/AKIEC_val_001.png
BKL_val_000,val,BKL,4,images/val/BKL_val_000.png,masks/val/BKL_val_000.png
BKL_val_001,val,BKL,4,images/val/BKL_val_001.png,masks/val/BKL_val_001.png
DF_val_000,val,DF,5,images/val/DF_val_000.png,masks/val/DF_val_000.png
DF_val_001,val,DF,5,images/val/DF_val_001.png,masks/val/DF_val_001.png
VASC_val_000,val,VASC,6,images/val/VASC_val_000.png,masks/val/VASC_val_000.png
VASC_val_001,val,VASC,6,images/val/VASC_val_001.png,masks/val/VASC_val_001.png
MEL_test_000,test,MEL,0,images/test/MEL_test_000.png,masks/test/MEL_test_000.png
MEL_test_001,test,MEL,0,images/test/MEL_test_001.png,masks/test/MEL_test_001.png
NV_test_000,test,NV,1,images/test/NV_test_000.png,masks/test/NV_test_000.png
NV_test_001,test,NV,1,images/test/NV_test_001.png,masks/test/NV_test_001.png
BCC_test_000,test,BCC,2,images/test/BCC_test_000.png,masks/test/BCC_test_000.png
BCC_test_001,test,BCC,2,images/test/BCC_test_001.png,masks/test/BCC_test_001.png
AKIEC_test_000,test,AKIEC,3,images/test/AKIEC_test_000.png,masks/test/AKIEC_test_000.png
AKIEC_test_001,test,AKIEC,3,images/test/AKIEC_test_001.png,masks/test/AKIEC_test_001.png
BKL_test_000,test,BKL,4,images/test/BKL_test_000.png,masks/test/BKL_test_000.png
BKL_test_001,test,BKL,4,images/test/BKL_test_001.png,masks/test/BKL_test_001.png
DF_test_000,test,DF,5,images/test/DF_test_000.png,masks/test/DF_test_000.png
DF_test_001,test,DF,5,images/test/DF_test_001.png,masks/test/DF_test_001.png
VASC_test_000,test,VASC,6,images/test/VASC_test_000.png,masks/test/VASC_test_000.png
VASC_test_001,test,VASC,6,images/test/VASC_test_001.png,masks/test/VASC_test_001.png
